[
  {
    "id": "1767848243912",
    "name": "Resistencia 1k",
    "price": 2,
    "stock": 100,
    "description": "",
    "category": "cat1",
    "image": null
  },
  {
    "id": "1767848260517",
    "name": "Resistencia 2k2",
    "price": 2,
    "stock": 100,
    "description": "",
    "category": "cat1",
    "image": null
  },
  {
    "id": "1767881885146",
    "name": "Capacitor 670uF",
    "price": 5,
    "stock": 100,
    "description": "",
    "category": "cat2",
    "image": "/uploads/1767881885123-wxc90d.jpg"
  },
  {
    "id": "1767881952972",
    "name": "Arduino R3 USB-C",
    "price": 110,
    "stock": 10,
    "description": "",
    "category": "1767847461460",
    "image": "/uploads/1767881952946-wn3wu5.jpg"
  }
]